Task,Brier Score,ECE,MCE
Sepsis,0.18621446901710714,0.05926192637716946,0.14994329
Mortality,0.14824251522339502,0.1358494651167198,0.43675366
