model_idx,val_sepsis_auroc,val_mortality_auroc,val_mean_auroc
0,0.7903695625406766,0.8316285246610456,0.8109990436008612
1,0.7903695625406766,0.8316285246610456,0.8109990436008612
