Test,Statistic,P-Value,Extra
Paired T-Test,6.636929404423486,0.0026745704388354864,"95% CI [0.0099, 0.0182]"
Wilcoxon Signed-Rank,0.0,0.0625,
Sepsis T-Test,7.471453063277241,0.0017154042882712543,
Mortality T-Test,4.856272778199602,0.00830164183364297,
Bootstrap Sepsis AUROC,0.7991294021260132,,"95% CI [0.7770, 0.8211]"
