task,auroc_gain,auprc_gain,f1_gain
sepsis,0.06785822164660515,0.07103036489348546,0.02982526426084009
mortality,0.05200720963097882,0.07586859856656053,0.10202540315886921
